ID Album,Track Name
494aUGKXMH5ruXtR3O1a3H,Crawling (Instrumental)
494aUGKXMH5ruXtR3O1a3H,Faint (Instrumental)
494aUGKXMH5ruXtR3O1a3H,Numb / Encore (Instrumental)
494aUGKXMH5ruXtR3O1a3H,Papercut (Instrumental)
494aUGKXMH5ruXtR3O1a3H,Breaking the Habit (Instrumental)
494aUGKXMH5ruXtR3O1a3H,In the End (Instrumental)
494aUGKXMH5ruXtR3O1a3H,Bleed It Out (Instrumental)
494aUGKXMH5ruXtR3O1a3H,Somewhere I Belong (Instrumental)
494aUGKXMH5ruXtR3O1a3H,Waiting for the End (Instrumental)
494aUGKXMH5ruXtR3O1a3H,CASTLE OF GLASS (Instrumental)
494aUGKXMH5ruXtR3O1a3H,One More Light (Instrumental)
494aUGKXMH5ruXtR3O1a3H,BURN IT DOWN (Instrumental)
494aUGKXMH5ruXtR3O1a3H,What I've Done (Instrumental)
494aUGKXMH5ruXtR3O1a3H,QWERTY (Instrumental)
494aUGKXMH5ruXtR3O1a3H,One Step Closer (Instrumental)
494aUGKXMH5ruXtR3O1a3H,New Divide (Instrumental)
494aUGKXMH5ruXtR3O1a3H,Leave Out All The Rest (Instrumental)
494aUGKXMH5ruXtR3O1a3H,Lost (Instrumental)
494aUGKXMH5ruXtR3O1a3H,Numb (Instrumental)
494aUGKXMH5ruXtR3O1a3H,Friendly Fire (Instrumental)
1X472EvsSqH09RyrqbtyXU,Crawling
1X472EvsSqH09RyrqbtyXU,Faint
1X472EvsSqH09RyrqbtyXU,Numb / Encore
1X472EvsSqH09RyrqbtyXU,Papercut
1X472EvsSqH09RyrqbtyXU,Breaking the Habit
1X472EvsSqH09RyrqbtyXU,In the End
1X472EvsSqH09RyrqbtyXU,Bleed It Out
1X472EvsSqH09RyrqbtyXU,Somewhere I Belong
1X472EvsSqH09RyrqbtyXU,Waiting for the End
1X472EvsSqH09RyrqbtyXU,CASTLE OF GLASS
1X472EvsSqH09RyrqbtyXU,One More Light
1X472EvsSqH09RyrqbtyXU,BURN IT DOWN
1X472EvsSqH09RyrqbtyXU,What I've Done
1X472EvsSqH09RyrqbtyXU,QWERTY
1X472EvsSqH09RyrqbtyXU,One Step Closer
1X472EvsSqH09RyrqbtyXU,New Divide
1X472EvsSqH09RyrqbtyXU,Leave Out All The Rest
1X472EvsSqH09RyrqbtyXU,Lost
1X472EvsSqH09RyrqbtyXU,Numb
1X472EvsSqH09RyrqbtyXU,Friendly Fire
3Q9wXhEAX7NYCPP0hxIuDz,Foreword
3Q9wXhEAX7NYCPP0hxIuDz,Don't Stay
3Q9wXhEAX7NYCPP0hxIuDz,Somewhere I Belong
3Q9wXhEAX7NYCPP0hxIuDz,Lying from You
3Q9wXhEAX7NYCPP0hxIuDz,Hit the Floor
3Q9wXhEAX7NYCPP0hxIuDz,Easier to Run
3Q9wXhEAX7NYCPP0hxIuDz,Faint
3Q9wXhEAX7NYCPP0hxIuDz,Figure.09
3Q9wXhEAX7NYCPP0hxIuDz,Breaking the Habit
3Q9wXhEAX7NYCPP0hxIuDz,From the Inside
3Q9wXhEAX7NYCPP0hxIuDz,Nobody's Listening
3Q9wXhEAX7NYCPP0hxIuDz,Session
3Q9wXhEAX7NYCPP0hxIuDz,Numb
3Q9wXhEAX7NYCPP0hxIuDz,Don't Stay - Live In Texas
3Q9wXhEAX7NYCPP0hxIuDz,Somewhere I Belong - Live In Texas
3Q9wXhEAX7NYCPP0hxIuDz,Lying from You - Live In Texas
3Q9wXhEAX7NYCPP0hxIuDz,Papercut - Live In Texas
3Q9wXhEAX7NYCPP0hxIuDz,Points of Authority - Live In Texas
3Q9wXhEAX7NYCPP0hxIuDz,Runaway - Live In Texas
3Q9wXhEAX7NYCPP0hxIuDz,Faint - Live In Texas
3Q9wXhEAX7NYCPP0hxIuDz,From the Inside - Live In Texas
3Q9wXhEAX7NYCPP0hxIuDz,Figure.09 - Live In Texas
3Q9wXhEAX7NYCPP0hxIuDz,With You - Live In Texas
3Q9wXhEAX7NYCPP0hxIuDz,By Myself - Live In Texas
3Q9wXhEAX7NYCPP0hxIuDz,P5hng Me A*Wy - Live In Texas
3Q9wXhEAX7NYCPP0hxIuDz,Numb - Live In Texas
3Q9wXhEAX7NYCPP0hxIuDz,Crawling - Live In Texas
3Q9wXhEAX7NYCPP0hxIuDz,In the End - Live In Texas
3Q9wXhEAX7NYCPP0hxIuDz,A Place for My Head - Live In Texas
3Q9wXhEAX7NYCPP0hxIuDz,One Step Closer - Live In Texas
3Q9wXhEAX7NYCPP0hxIuDz,Session - Live In Nottingham 2003
3Q9wXhEAX7NYCPP0hxIuDz,Don't Stay - Live In Nottingham 2003
3Q9wXhEAX7NYCPP0hxIuDz,Somewhere I Belong - Live In Nottingham 2003
3Q9wXhEAX7NYCPP0hxIuDz,Lying from You - Live In Nottingham 2003
3Q9wXhEAX7NYCPP0hxIuDz,Papercut - Live In Nottingham 2003
3Q9wXhEAX7NYCPP0hxIuDz,Points of Authority - Live In Nottingham 2003
3Q9wXhEAX7NYCPP0hxIuDz,Runaway - Live In Nottingham 2003
3Q9wXhEAX7NYCPP0hxIuDz,Faint - Live In Nottingham 2003
3Q9wXhEAX7NYCPP0hxIuDz,From the Inside - Live In Nottingham 2003
3Q9wXhEAX7NYCPP0hxIuDz,Hit the Floor - Live In Nottingham 2003
3Q9wXhEAX7NYCPP0hxIuDz,With You - Live In Nottingham 2003
3Q9wXhEAX7NYCPP0hxIuDz,Crawling - Live In Nottingham 2003
3Q9wXhEAX7NYCPP0hxIuDz,In the End - Live In Nottingham 2003
3Q9wXhEAX7NYCPP0hxIuDz,Easier to Run - Live In Nottingham 2003
3Q9wXhEAX7NYCPP0hxIuDz,A Place for My Head - Live In Nottingham 2003
3Q9wXhEAX7NYCPP0hxIuDz,One Step Closer - Live In Nottingham 2003
3Q9wXhEAX7NYCPP0hxIuDz,A.06
3Q9wXhEAX7NYCPP0hxIuDz,Pretty Birdy - Somewhere I Belong 2002 Demo
3Q9wXhEAX7NYCPP0hxIuDz,Sold My Soul to Yo Mama
3Q9wXhEAX7NYCPP0hxIuDz,Standing in the Middle
28DUZ0itKISf2sr6hlseMy,Papercut
28DUZ0itKISf2sr6hlseMy,One Step Closer
28DUZ0itKISf2sr6hlseMy,With You
28DUZ0itKISf2sr6hlseMy,Points of Authority
28DUZ0itKISf2sr6hlseMy,Crawling
28DUZ0itKISf2sr6hlseMy,Runaway
28DUZ0itKISf2sr6hlseMy,By Myself
28DUZ0itKISf2sr6hlseMy,In the End
28DUZ0itKISf2sr6hlseMy,A Place for My Head
28DUZ0itKISf2sr6hlseMy,Forgotten
28DUZ0itKISf2sr6hlseMy,Cure for the Itch
28DUZ0itKISf2sr6hlseMy,Pushing Me Away
28DUZ0itKISf2sr6hlseMy,Opening
28DUZ0itKISf2sr6hlseMy,Pts.Of.Athrty - Jay Gordon Reanimation
28DUZ0itKISf2sr6hlseMy,Enth E Nd (Kutmasta Kurt Reanimation) [feat. Motion Man]
28DUZ0itKISf2sr6hlseMy,[Chali]
28DUZ0itKISf2sr6hlseMy,Frgt/10 (Alchemist Reanimation) [feat. Chali 2na]
28DUZ0itKISf2sr6hlseMy,P5hng Me A*wy (Mike Shinoda Reanimation) [feat. Stephen Richards]
28DUZ0itKISf2sr6hlseMy,Plc.4 Mie Hæd (Amp Live Reanimation) [feat. Zion]
28DUZ0itKISf2sr6hlseMy,X-Ecutioner Style (feat. Black Thought)
28DUZ0itKISf2sr6hlseMy,H! Vltg3 (Evidence Reanimation) [feat. Pharoahe Monch and DJ Babu]
28DUZ0itKISf2sr6hlseMy,[Riff Raff]
28DUZ0itKISf2sr6hlseMy,Wth>You (Chairman Hahn Reanimation) [feat. Aceyalone]
28DUZ0itKISf2sr6hlseMy,Ntr\mssion
28DUZ0itKISf2sr6hlseMy,Ppr:kut (Cheapshot and Jubacca Reanimation) [feat. Rasco and Planet Asia]
28DUZ0itKISf2sr6hlseMy,Rnw@y (Backyard Bangers Reanimation) [feat. Phoenix Orion]
28DUZ0itKISf2sr6hlseMy,My<Dsmbr (Mickey P. Reanimation) [feat. Kelli Ali]
28DUZ0itKISf2sr6hlseMy,[Stef]
28DUZ0itKISf2sr6hlseMy,By_Myslf (Josh Abraham and Mike Shinoda Reanimation)
28DUZ0itKISf2sr6hlseMy,Kyur4 Th Ich (Chairman Hahn Reanimation)
28DUZ0itKISf2sr6hlseMy,1Stp Klosr (The Humble Brothers Reanimation) [feat. Jonathan Davis]
28DUZ0itKISf2sr6hlseMy,Krwlng (Mike Shinoda Reanimation) [feat. Aaron Lewis]
28DUZ0itKISf2sr6hlseMy,Carousel - Hybrid Theory EP
28DUZ0itKISf2sr6hlseMy,Technique (Short) - Hybrid Theory EP
28DUZ0itKISf2sr6hlseMy,Step Up - Hybrid Theory EP
28DUZ0itKISf2sr6hlseMy,And One - Hybrid Theory EP
28DUZ0itKISf2sr6hlseMy,High Voltage - Hybrid Theory EP
28DUZ0itKISf2sr6hlseMy,Part of Me - Hybrid Theory EP
28DUZ0itKISf2sr6hlseMy,One Step Closer (Rock Mix) - B-Side Rarities
28DUZ0itKISf2sr6hlseMy,It's Goin' Down (feat. Mike Shinoda and Mr. Hahn) - B-Side Rarities
28DUZ0itKISf2sr6hlseMy,Papercut (Live from the BBC) - B-Side Rarities
28DUZ0itKISf2sr6hlseMy,In The End (Live BBC Radio One) - B-Side Rarities
28DUZ0itKISf2sr6hlseMy,Points of Authority (Live BBC Radio One) - B-Side Rarities
28DUZ0itKISf2sr6hlseMy,High Voltage - B-Side Rarities
28DUZ0itKISf2sr6hlseMy,Step Up (1999 Demo) - B-Side Rarities
28DUZ0itKISf2sr6hlseMy,My December - B-Side Rarities
28DUZ0itKISf2sr6hlseMy,"A Place for My Head (Live at Docklands Arena, London) - B-Side Rarities"
28DUZ0itKISf2sr6hlseMy,"Points of Authority (Live at Docklands Arena, London) - B-Side Rarities"
28DUZ0itKISf2sr6hlseMy,"Papercut (Live at Docklands Arena, London) - B-Side Rarities"
28DUZ0itKISf2sr6hlseMy,Buy Myself (Marilyn Manson Remix) - B-Side Rarities
0zcNtUZ2oEpRmiDuWBFvcX,Talking to Myself - One More Light Live
0zcNtUZ2oEpRmiDuWBFvcX,Burn It Down - One More Light Live
0zcNtUZ2oEpRmiDuWBFvcX,Battle Symphony - One More Light Live
0zcNtUZ2oEpRmiDuWBFvcX,New Divide - One More Light Live
0zcNtUZ2oEpRmiDuWBFvcX,Invisible - One More Light Live
0zcNtUZ2oEpRmiDuWBFvcX,Nobody Can Save Me - One More Light Live
0zcNtUZ2oEpRmiDuWBFvcX,One More Light - One More Light Live
0zcNtUZ2oEpRmiDuWBFvcX,Crawling - One More Light Live
0zcNtUZ2oEpRmiDuWBFvcX,Leave Out All The Rest - One More Light Live
0zcNtUZ2oEpRmiDuWBFvcX,Good Goodbye (feat. Stormzy) - One More Light Live
0zcNtUZ2oEpRmiDuWBFvcX,What I've Done - One More Light Live
0zcNtUZ2oEpRmiDuWBFvcX,In the End - One More Light Live
0zcNtUZ2oEpRmiDuWBFvcX,Sharp Edges - One More Light Live
0zcNtUZ2oEpRmiDuWBFvcX,Numb - One More Light Live
0zcNtUZ2oEpRmiDuWBFvcX,Heavy - One More Light Live
0zcNtUZ2oEpRmiDuWBFvcX,Bleed It Out - One More Light Live
5Eevxp2BCbWq25ZdiXRwYd,Nobody Can Save Me
5Eevxp2BCbWq25ZdiXRwYd,Good Goodbye (feat. Pusha T and Stormzy)
5Eevxp2BCbWq25ZdiXRwYd,Talking to Myself
5Eevxp2BCbWq25ZdiXRwYd,Battle Symphony
5Eevxp2BCbWq25ZdiXRwYd,Invisible
5Eevxp2BCbWq25ZdiXRwYd,Heavy (feat. Kiiara)
5Eevxp2BCbWq25ZdiXRwYd,Sorry for Now
5Eevxp2BCbWq25ZdiXRwYd,Halfway Right
5Eevxp2BCbWq25ZdiXRwYd,One More Light
5Eevxp2BCbWq25ZdiXRwYd,Sharp Edges
6hU9JCoqq4GjYq86dQ1o9b,Keys to the Kingdom - Acapella
6hU9JCoqq4GjYq86dQ1o9b,All for Nothing (feat. Page Hamilton) - Acapella
6hU9JCoqq4GjYq86dQ1o9b,Guilty All the Same (feat. Rakim) - Acapella
6hU9JCoqq4GjYq86dQ1o9b,War - Acapella
6hU9JCoqq4GjYq86dQ1o9b,Wastelands - Acapella
6hU9JCoqq4GjYq86dQ1o9b,Until It's Gone - Acapella
6hU9JCoqq4GjYq86dQ1o9b,Rebellion (feat. Daron Malakian) - Acapella
6hU9JCoqq4GjYq86dQ1o9b,Mark the Graves - Acapella
6hU9JCoqq4GjYq86dQ1o9b,Final Masquerade - Acapella
6hU9JCoqq4GjYq86dQ1o9b,A Line in the Sand - Acapella
6hU9JCoqq4GjYq86dQ1o9b,Keys to the Kingdom - Instrumental
6hU9JCoqq4GjYq86dQ1o9b,All for Nothing - Instrumental
6hU9JCoqq4GjYq86dQ1o9b,Guilty All the Same - Instrumental
6hU9JCoqq4GjYq86dQ1o9b,The Summoning - Instrumental
6hU9JCoqq4GjYq86dQ1o9b,War - Instrumental
6hU9JCoqq4GjYq86dQ1o9b,Wastelands - Instrumental
6hU9JCoqq4GjYq86dQ1o9b,Until It's Gone - Instrumental
6hU9JCoqq4GjYq86dQ1o9b,Rebellion - Instrumental
6hU9JCoqq4GjYq86dQ1o9b,Mark the Graves - Instrumental
6hU9JCoqq4GjYq86dQ1o9b,Drawbar - Instrumental
6hU9JCoqq4GjYq86dQ1o9b,Final Masquerade - Instrumental
6hU9JCoqq4GjYq86dQ1o9b,A Line in the Sand - Instrumental
3XB2yloP7l00tEUmaODtVi,Keys to the Kingdom
3XB2yloP7l00tEUmaODtVi,All for Nothing (feat. Page Hamilton)
3XB2yloP7l00tEUmaODtVi,Guilty All the Same (feat. Rakim)
3XB2yloP7l00tEUmaODtVi,The Summoning
3XB2yloP7l00tEUmaODtVi,War
3XB2yloP7l00tEUmaODtVi,Wastelands
3XB2yloP7l00tEUmaODtVi,Until It's Gone
3XB2yloP7l00tEUmaODtVi,Rebellion (feat. Daron Malakian)
3XB2yloP7l00tEUmaODtVi,Mark the Graves
3XB2yloP7l00tEUmaODtVi,Drawbar (feat. Tom Morello)
3XB2yloP7l00tEUmaODtVi,Final Masquerade
3XB2yloP7l00tEUmaODtVi,A Line in the Sand
2FUsvD1bw53HGOjAg56vRD,A LIGHT THAT NEVER COMES
2FUsvD1bw53HGOjAg56vRD,CASTLE OF GLASS - M. Shinoda Remix
2FUsvD1bw53HGOjAg56vRD,LOST IN THE ECHO - KillSonik Remix
2FUsvD1bw53HGOjAg56vRD,VICTIMIZED - M. Shinoda Remix
2FUsvD1bw53HGOjAg56vRD,I'LL BE GONE (feat. Pusha T) - Vice Remix
2FUsvD1bw53HGOjAg56vRD,LIES GREED MISERY - Dirtyphonics Remix
2FUsvD1bw53HGOjAg56vRD,ROADS UNTRAVELED (feat. Bun B) - Rad Omen Remix
2FUsvD1bw53HGOjAg56vRD,POWERLESS - Enferno Remix
2FUsvD1bw53HGOjAg56vRD,BURN IT DOWN - Tom Swoon Remix
2FUsvD1bw53HGOjAg56vRD,UNTIL IT BREAKS - Datsik Remix
2FUsvD1bw53HGOjAg56vRD,SKIN TO BONE (feat. Cody B. Ware and Ryu) - Nick Catchdubs Remix
2FUsvD1bw53HGOjAg56vRD,I'LL BE GONE - Schoolboy Remix
2FUsvD1bw53HGOjAg56vRD,UNTIL IT BREAKS - Money Mark Headphone Remix
2FUsvD1bw53HGOjAg56vRD,A LIGHT THAT NEVER COMES - Rick Rubin Reboot
7qRKpkP0jSOlBMLYZhAMCh,LOST IN THE ECHO - Instrumental
7qRKpkP0jSOlBMLYZhAMCh,IN MY REMAINS - Instrumental
7qRKpkP0jSOlBMLYZhAMCh,BURN IT DOWN - Instrumental
7qRKpkP0jSOlBMLYZhAMCh,LIES GREED MISERY - Instrumental
7qRKpkP0jSOlBMLYZhAMCh,I'LL BE GONE - Instrumental
7qRKpkP0jSOlBMLYZhAMCh,CASTLE OF GLASS - Instrumental
7qRKpkP0jSOlBMLYZhAMCh,VICTIMIZED - Instrumental
7qRKpkP0jSOlBMLYZhAMCh,ROADS UNTRAVELED - Instrumental
7qRKpkP0jSOlBMLYZhAMCh,SKIN TO BONE - Instrumental
7qRKpkP0jSOlBMLYZhAMCh,UNTIL IT BREAKS - Instrumental
7qRKpkP0jSOlBMLYZhAMCh,TINFOIL / POWERLESS - Instrumental
7qRKpkP0jSOlBMLYZhAMCh,LOST IN THE ECHO - Acapella
7qRKpkP0jSOlBMLYZhAMCh,IN MY REMAINS - Acapella
7qRKpkP0jSOlBMLYZhAMCh,BURN IT DOWN - Acapella
7qRKpkP0jSOlBMLYZhAMCh,LIES GREED MISERY - Acapella
7qRKpkP0jSOlBMLYZhAMCh,I'LL BE GONE - Acapella
7qRKpkP0jSOlBMLYZhAMCh,CASTLE OF GLASS - Acapella
7qRKpkP0jSOlBMLYZhAMCh,VICTIMIZED - Acapella
7qRKpkP0jSOlBMLYZhAMCh,ROADS UNTRAVELED - Acapella
7qRKpkP0jSOlBMLYZhAMCh,SKIN TO BONE - Acapella
7qRKpkP0jSOlBMLYZhAMCh,UNTIL IT BREAKS - Acapella
7qRKpkP0jSOlBMLYZhAMCh,POWERLESS - Acapella
4XHIjbhjRmqWlosjj5rqSI,LOST IN THE ECHO
4XHIjbhjRmqWlosjj5rqSI,IN MY REMAINS
4XHIjbhjRmqWlosjj5rqSI,BURN IT DOWN
4XHIjbhjRmqWlosjj5rqSI,LIES GREED MISERY
4XHIjbhjRmqWlosjj5rqSI,I'LL BE GONE
4XHIjbhjRmqWlosjj5rqSI,CASTLE OF GLASS
4XHIjbhjRmqWlosjj5rqSI,VICTIMIZED
4XHIjbhjRmqWlosjj5rqSI,ROADS UNTRAVELED
4XHIjbhjRmqWlosjj5rqSI,SKIN TO BONE
4XHIjbhjRmqWlosjj5rqSI,UNTIL IT BREAKS
4XHIjbhjRmqWlosjj5rqSI,TINFOIL
4XHIjbhjRmqWlosjj5rqSI,POWERLESS
0hJ3A7sih1AXDoMjXHLr7Q,"The Requiem - Live from London, 2010"
0hJ3A7sih1AXDoMjXHLr7Q,"Burning in the Skies - Live from Hamburg, 2011"
0hJ3A7sih1AXDoMjXHLr7Q,"When They Come for Me - Live from Paris, 2010"
0hJ3A7sih1AXDoMjXHLr7Q,"Jornada Del Muerto - Live from Hamburg, 2011"
0hJ3A7sih1AXDoMjXHLr7Q,"Waiting for the End - Live from Berlin, 2010"
0hJ3A7sih1AXDoMjXHLr7Q,"Blackout - Live from Hamburg, 2011"
0hJ3A7sih1AXDoMjXHLr7Q,"Wretches and Kings - Live from Las Vegas, 2011"
0hJ3A7sih1AXDoMjXHLr7Q,"Iridescent - Live from Paris, 2010"
0hJ3A7sih1AXDoMjXHLr7Q,"The Catalyst - Live from Paris, 2010"
0hJ3A7sih1AXDoMjXHLr7Q,"The Messenger - Live from Las Vegas, 2011"
7IYqppCBhR5z9z8JqgXuxi,"Wake - Live from Taipei, 2007"
7IYqppCBhR5z9z8JqgXuxi,"Given Up - Live from Taipei, 2009"
7IYqppCBhR5z9z8JqgXuxi,"Leave Out All The Rest - Live from Frankfurt, 2008"
7IYqppCBhR5z9z8JqgXuxi,"Bleed It Out - Live from Melbourne, 2010"
7IYqppCBhR5z9z8JqgXuxi,"Shadow of the Day - Live from Melbourne, 2010"
7IYqppCBhR5z9z8JqgXuxi,"What I've Done - Live from New York, 2008"
7IYqppCBhR5z9z8JqgXuxi,"Hands Held High - Live from Osaka, 2007"
7IYqppCBhR5z9z8JqgXuxi,"No More Sorrow - Live from Taipei, 2009"
7IYqppCBhR5z9z8JqgXuxi,"Valentine's Day - Live from Amnéville, 2008"
7IYqppCBhR5z9z8JqgXuxi,"In Between - Live from Paris, 2008"
7IYqppCBhR5z9z8JqgXuxi,"In Pieces - Live from Koln, 2008"
7IYqppCBhR5z9z8JqgXuxi,"The Little Things Give You Away - Live from Shanghai, 2007"
4flcwtqnLoKZJ2wrCp1aJq,"Don't Stay - Live in Shanghai, 2007"
4flcwtqnLoKZJ2wrCp1aJq,"Somewhere I Belong - Live in Koln, 2008"
4flcwtqnLoKZJ2wrCp1aJq,"Lying from You - Live in New York, 2008"
4flcwtqnLoKZJ2wrCp1aJq,"Faint - Live in Hamburg, 2011"
4flcwtqnLoKZJ2wrCp1aJq,"Breaking the Habit - Live in Hamburg, 2011"
4flcwtqnLoKZJ2wrCp1aJq,"From the Inside - Live in Sydney, 2010"
4flcwtqnLoKZJ2wrCp1aJq,"Numb - Live in New York, 2008"
1FiRqhpAowNK8gTl5sOhxZ,"Papercut - Live from Paris, 2010"
1FiRqhpAowNK8gTl5sOhxZ,"One Step Closer - Live from Frankfurt, 2008"
1FiRqhpAowNK8gTl5sOhxZ,"Points of Authority - Live from Sidney, 2007"
1FiRqhpAowNK8gTl5sOhxZ,"Crawling - Live from Athens, 2009"
1FiRqhpAowNK8gTl5sOhxZ,"In the End - Live from Melbourne, 2010"
1FiRqhpAowNK8gTl5sOhxZ,"A Place for My Head - Live from Koln, 2008"
1FiRqhpAowNK8gTl5sOhxZ,"Cure for the Itch - Live from Perth, 2007"
1FiRqhpAowNK8gTl5sOhxZ,"Pushing Me Away - Live from Dallas, 2007"
4fy0SXW5G8evBCo2A3kn02,The Requiem
4fy0SXW5G8evBCo2A3kn02,The Radiance
4fy0SXW5G8evBCo2A3kn02,Burning in the Skies
4fy0SXW5G8evBCo2A3kn02,Empty Spaces
4fy0SXW5G8evBCo2A3kn02,When They Come for Me
4fy0SXW5G8evBCo2A3kn02,Robot Boy
4fy0SXW5G8evBCo2A3kn02,Jornada Del Muerto
4fy0SXW5G8evBCo2A3kn02,Waiting for the End
4fy0SXW5G8evBCo2A3kn02,Blackout
4fy0SXW5G8evBCo2A3kn02,Wretches and Kings
4fy0SXW5G8evBCo2A3kn02,"Wisdom, Justice, and Love"
4fy0SXW5G8evBCo2A3kn02,Iridescent
4fy0SXW5G8evBCo2A3kn02,Fallout
4fy0SXW5G8evBCo2A3kn02,The Catalyst
4fy0SXW5G8evBCo2A3kn02,The Messenger
4fy0SXW5G8evBCo2A3kn02,"New Divide - Live from La Caja Mágica, Madrid, Spain, 11/7/2010"
4fy0SXW5G8evBCo2A3kn02,"Waiting for the End - Live from La Caja Mágica, Madrid, Spain, 11/7/2010"
4fy0SXW5G8evBCo2A3kn02,"Breaking the Habit - Live from La Caja Mágica, Madrid, Spain, 11/7/2010"
4fy0SXW5G8evBCo2A3kn02,"The Catalyst - Live from La Caja Mágica, Madrid, Spain, 11/7/2010"
4fy0SXW5G8evBCo2A3kn02,"In the End - Live from La Caja Mágica, Madrid, Spain, 11/7/2010"
4fy0SXW5G8evBCo2A3kn02,"What I've Done - Live from La Caja Mágica, Madrid, Spain, 11/7/2010"
5uvXx5ZQswNRFCdHR521YZ,The Requiem
5uvXx5ZQswNRFCdHR521YZ,The Radiance
5uvXx5ZQswNRFCdHR521YZ,Burning in the Skies
5uvXx5ZQswNRFCdHR521YZ,Empty Spaces
5uvXx5ZQswNRFCdHR521YZ,When They Come for Me
5uvXx5ZQswNRFCdHR521YZ,Robot Boy
5uvXx5ZQswNRFCdHR521YZ,Jornada Del Muerto
5uvXx5ZQswNRFCdHR521YZ,Waiting for the End
5uvXx5ZQswNRFCdHR521YZ,Blackout
5uvXx5ZQswNRFCdHR521YZ,Wretches and Kings
5uvXx5ZQswNRFCdHR521YZ,"Wisdom, Justice, and Love"
5uvXx5ZQswNRFCdHR521YZ,Iridescent
5uvXx5ZQswNRFCdHR521YZ,Fallout
5uvXx5ZQswNRFCdHR521YZ,The Catalyst
5uvXx5ZQswNRFCdHR521YZ,The Messenger
72seWTJF9U5SljizfyF2ZK,One Step Closer - Live
72seWTJF9U5SljizfyF2ZK,From the Inside - Live
72seWTJF9U5SljizfyF2ZK,No More Sorrow - Live
72seWTJF9U5SljizfyF2ZK,Given Up - Live
72seWTJF9U5SljizfyF2ZK,Lying from You - Live
72seWTJF9U5SljizfyF2ZK,Hands Held High - Live
72seWTJF9U5SljizfyF2ZK,Leave Out All The Rest - Live
72seWTJF9U5SljizfyF2ZK,Numb - Live
72seWTJF9U5SljizfyF2ZK,The Little Things Give You Away - Live
72seWTJF9U5SljizfyF2ZK,Breaking the Habit - Live
72seWTJF9U5SljizfyF2ZK,Shadow of the Day - Live
72seWTJF9U5SljizfyF2ZK,Crawling - Live
72seWTJF9U5SljizfyF2ZK,In the End - Live
72seWTJF9U5SljizfyF2ZK,Pushing Me Away - Live
72seWTJF9U5SljizfyF2ZK,What I've Done - Live
72seWTJF9U5SljizfyF2ZK,Numb / Encore - Live
72seWTJF9U5SljizfyF2ZK,Jigga What / Faint - Live
72seWTJF9U5SljizfyF2ZK,Bleed It Out - Live
4JtIVJRA342O0YoAchen5Q,Wake
4JtIVJRA342O0YoAchen5Q,Given Up
4JtIVJRA342O0YoAchen5Q,Leave Out All The Rest
4JtIVJRA342O0YoAchen5Q,Bleed It Out
4JtIVJRA342O0YoAchen5Q,Shadow of the Day
4JtIVJRA342O0YoAchen5Q,What I've Done
4JtIVJRA342O0YoAchen5Q,Hands Held High
4JtIVJRA342O0YoAchen5Q,No More Sorrow
4JtIVJRA342O0YoAchen5Q,Valentine's Day
4JtIVJRA342O0YoAchen5Q,In Between
4JtIVJRA342O0YoAchen5Q,In Pieces
4JtIVJRA342O0YoAchen5Q,The Little Things Give You Away
4JtIVJRA342O0YoAchen5Q,No Roads Left
4JtIVJRA342O0YoAchen5Q,Across the Line
4JtIVJRA342O0YoAchen5Q,Given Up - Third Encore Session
4JtIVJRA342O0YoAchen5Q,What I've Done - Distorted Remix
7pgs38iLfEqUtwgCRgvbND,Wake
7pgs38iLfEqUtwgCRgvbND,Given Up
7pgs38iLfEqUtwgCRgvbND,Leave Out All The Rest
7pgs38iLfEqUtwgCRgvbND,Bleed It Out
7pgs38iLfEqUtwgCRgvbND,Shadow of the Day
7pgs38iLfEqUtwgCRgvbND,What I've Done
7pgs38iLfEqUtwgCRgvbND,Hands Held High
7pgs38iLfEqUtwgCRgvbND,No More Sorrow
7pgs38iLfEqUtwgCRgvbND,Valentine's Day
7pgs38iLfEqUtwgCRgvbND,In Between
7pgs38iLfEqUtwgCRgvbND,In Pieces
7pgs38iLfEqUtwgCRgvbND,The Little Things Give You Away
7pgs38iLfEqUtwgCRgvbND,"Faint - Live from Third Encore Studio, North Hollywood, CA, 3/14/2007"
7pgs38iLfEqUtwgCRgvbND,"What I've Done - Live from Third Encore Studio, North Hollywood, CA, 3/14/2007"
